Username,Title,Body,Date
Fabricio Teixeira,What â€œintuitiveâ€ reallyÂ means,"Once in a while I stumble upon a design document that has the word â€œintuitiveâ€ in it. It might be in a new project brief, orÂ aâ€¦",May 7
Fabricio Teixeira,The feedback you choose not to give is as important as the one youÂ do,"As a designer, the things you choose NOT to include in your designs is also designâ€Šâ€”â€Šafter all, our work is about all prioritization andâ€¦",Mar 25
Fabricio Teixeira,A comprehensive (and honest) list of UXÂ clichÃ©s,A guide to newcomers.,Feb 25
Simon Li,Brainstorm product features quickly using the 5W1H framework,What if you or the design team youâ€™re in is asked to propose to a prospective client a new feature for their existing product.Â Youâ€™veâ€¦,May 18
Ian Batterbee,Experiences that delight: how we emotionally engage withÂ design,We all want to experience something thatâ€™s unique and personal. But how do our emotions influence our experiences?,May 30
Miklos Philips,eCommerce UXâ€Šâ€”â€Šan overview of best practices (with infographic),"Despite eCommerce revenues scaling new heights every year, when it comes to eCommerce UX, shoppers still tend to be considered last.",May 10
Moses Kim,Fiction and fact in ProductÂ Design,Design is a blend of imagination and knowledge and weâ€™ve been struggling to understand how much of it fiction and how much is engineeringâ€¦,May 29
Aga SzÃ³stek,What game is your companyÂ playing?,In the Game Theory there are two sorts of games every person and every organization in this world plays: the finite and the infiniteÂ gameâ€¦,May 30
Chelsea Singer,A guide to writing quick brand voice guidelines,"For times when itâ€™s actually a sprint, not aÂ marathon",May 29
Alex O'Neal,Some proposed color heuristics,Usability guidelines for digital colorÂ use.,May 29
Marnie Andrews,3 tips for successful UXÂ Research,Being a UX researcher on a team can sometimes feel as though youâ€™re the minority of the minority. Even harder is when youâ€™re the firstÂ UXâ€¦,May 30
Ethan Wang,The 4px Baseline Gridâ€Šâ€”â€ŠTheÂ Present,How I use the 4px baseline grid to measure space around text in UIÂ design,May 29
Takuma Kakehi,White on black or black on white? The pros and cons of DarkÂ Mode,"There has been a lot of talk and leaks about Dark Mode for the upcoming WWDC 2019 (Exclusive: Screenshots reveal iOS 13 Dark Mode,Â newâ€¦",May 30
Simon Mateljan,The art of listening andÂ empathy,"My name is Simon, according to the history of my name it means â€œthe listenerâ€, and always been told I am a good listener. So thanksÂ Mumâ€¦",May 27
Adam Fard,The ultimate guide to stakeholder interviews: understand yourÂ clients,"Learn how to properly plan and execute, stakeholder interviews. Download and use the interview template.",May 29
Jason Yuan,Introducing MercuryÂ OS,"A speculative vision of the operating system, driven by humane design principles.",May 28
Karin Dames,User research throughÂ play,An alternative to traditional user researchÂ methods,May 29
Chief,"Yes, user researchÂ again!","I know last time, I talked (well, wrote) about user research. Well, I have come across some new information. I already shed someÂ lightâ€¦",May 29
Taras Skytskyi,Five ground rules for synthesis sessions,"Itâ€™s summer time, and Iâ€™m elbows-deep in user research for two (fab) health-related projects. And rule one of user research: yourâ€¦","Sep 5, 2018"
Emily Tulloh,"Is wireframing really necessary, though?","Yes, itÂ is.",May 25
Lulu A.,User research tips for interviewing kids,"Recently I conducted some user interviews with young kids for a project. This was the first time I was interviewing kids, so I didÂ haveâ€¦",May 7
Sridhar Rajendran,What a UX writer does and why you needÂ one,Itâ€™s time to actually start putting your audienceÂ first.,May 25
Chelsea Singer,How to manage 6 challenging personality types in meetings: the Multitasker,Welcome back to our series about how to facilitate meetings with people who have challenging personalities. In this part of theÂ seriesâ€¦,May 28
JD Jones,Good UX designs require three things toÂ achieve,"This is what I, as a new comer, learned from UX clichÃ©s and UXÂ 101.",May 20
Eric Santosa,A designer without communication skills is just a pixelÂ pusher,Communication is a core part of our craftâ€Šâ€”â€Šand equally importantâ€Šâ€”â€Šitâ€™s a â€œsoft-skillâ€ essential for getting design workÂ doneâ€¦,May 27
Benek Lisefski,How to foster a culture of customer obsession,Actionable ways you can step into your customersâ€™ shoes,May 29
Samir Javer,âœŒï¸ Rethinking the iOS switch controller,ğŸ¤” Are you ready to make aÂ choice?,May 27
Mats Hauge,On Improving My DesignÂ Workflow,Breaking walls using an actualÂ wall.,May 27
Cedric Lee,What the happiest country on Earth taught me aboutÂ Design,How two weeks in Copenhagen gave me perspective onÂ design.,May 26
Yazin Akkawi,IKEA Democratic Design: 3 design takeaways,"A few weeks ago, I was walking in IKEA when I came up with a little book over an unpronounceable Swedish furniture, pretty cool by theÂ wayâ€¦",Apr 17
JC.DÃ­ez Â©,How just-in-case content is killing your user experience,"Why too much is way, way worse than notÂ enough.",May 29
Tori Street,Service Design explained to a ProductÂ Designer,"Although I have worked in UX and product design for a long while, I still have always struggled with the term â€˜service designâ€™.Â Thenâ€¦",May 27
Peter Berrecloth,How can designers help break the cycle of designing for addiction?,Itâ€™s time we bridge the gap between feel-good Design & Ethics panels and the work we do everyday as digital product designers.,May 19
Fabricio Teixeira,Actual conversations Iâ€™ve had as a designer in government,It has been slightly over two months since I was with the Singapore Government as a designer. My experience there was a blast withÂ aâ€¦,May 28
Fabricio Teixeira,How can a Designer become aÂ Leader?,7 Tips to Leading a DesignÂ Team.,"Aug 23, 2017"
Jolene Ng Jia Ying,Design Reviews: how to run feedback sessions with designers?,Learnings and tips to conduct a designÂ review.,May 24
JosÃ© Torre,A more human side to human centeredÂ design,An unexpected takeaway from my time at IDEO.org.,May 28
Christian Vizcarra,Hereâ€™s one unsavory trend public restrooms can actually get ridÂ of,Improving the public restroom experience through designÂ thinking,May 27
Nivi Ramesh Brett,Buttons on the web: placement andÂ order,Letâ€™s try to clarify current situation with the most common interaction medium of actionable pages and modalsâ€Šâ€”â€Šbuttons. Especially weâ€¦,May 27
Maarya Abbasi,Mobile ecommerce best practices for UX (with infographic),Successful mobile eCommerce experiences can be achieved by following these mobile eCommerce UX design best practices (with infographic).,May 28
Artem Syzonenko,A beginnerâ€™s guide to UserÂ Research,The key lessons that I learned after becoming a UX Researcher.,May 26
Miklos Philips,Designing privacy,Facebook Trust Transparency and Control lab is teaching designers and Startups to care about individual privacy.,May 27
Evie Cheng,How many clicks to get to the center of aÂ link?,"How enterprise patterns make simple things miserable, and cost everyoneÂ money.",May 25
Jeremie Douchet,"Hi, Iâ€™m ambiguityâ€Šâ€”â€Šcan we be friendsÂ already?",Large design teams research and learn extensive amounts of information. I mean hundreds of new knowledge perÂ week.,May 25
Max Weinbrown,Problems with the Current Practices in Design Researchâ€Šâ€”â€ŠDebriefÂ Sessions,A breakdown of whatâ€™s wrong with the activities we do specifically in the stage between gathering data and synthezising data.,May 23
Camila Borja,Whatâ€™s the worst that could happen? Reducing risk through userÂ research,Whatâ€™s the best that could happen? Whatâ€™s the worst that could happen? Whatâ€™s it going to take to reduce theÂ risk?,May 27
Tay Chye Yuen,Color accessibility: tools and resources to help you design inclusive products,"All the resources, tips and tools I regularly use to build and check the color accessibility of my products in one place.Â Enjoy.",May 23
Joe Lalley,What is the design process?â€Šâ€”â€Šand why every designer should know aboutÂ it,"At the beginning of my career as a UX / UI designer, I didnâ€™t know how to start a project and what were the ways to lead it. LaterÂ onâ€¦",May 23
StÃ©phanie Walter,Is your digital product actuallyÂ working?,The right questions to ask about your digital products to know if itâ€™s earning itsÂ keep,Apr 9
Anastasia Prokhorova,Collaborative Design SessionsÂ 101,"Update (May 21, 2019): Iâ€™ve made some changes to this article â€” including the title, but the core message remains the same, spiced upÂ withâ€¦",May 24
Abel Maningas,Asking about the future in userÂ research,And why this method never works outÂ well,May 23
Gustavo da Cunha Pimenta,Designing for accessibility is not thatÂ hard,Seven easy-to-implement guidelines to design a more accessible webÂ â¤ï¸,"Aug 16, 2018"
Nikki Anderson,How to build a better product with UXÂ writing,"The more I read about interfaces and copy, the more I see people claiming that interfaces must be user-oriented, and itâ€™s time weÂ changedâ€¦",May 25
Elliot L'Angelier,Scarcity in UX: The psychological bias that became theÂ norm,Short analysis on the current state of affairs and a few tips to keep inÂ mind.,May 29
Pablo Stanley,Prescriptive and descriptive labels,The categories we impose on the world have an important effect in how we perceive it and eachÂ other.,"Jun 27, 2018"
Anastasiia Marushevska,An intro to Machine Learning for designers,The basics of machine learning and how to apply it to the products you are building rightÂ now.,"May 22, 2018"
David Teodorescu,A DevTools for Designers,"In 2010, Jeffrey Zeldman wrote â€œAn InDesign for HTML and CSS?â€, which explored the idea of a web prototyping tool, accessible and familiarâ€¦","Feb 9, 2018"
Jorge Arango,How to look at evidence and not translate it into your ownÂ agenda,"True empathy is hearing and understanding in order to implement solutions to meet the actual user needs, not just our interpretation ofâ€¦","Jan 28, 2018"
Sam Drozdov,100 days of motionÂ design,How I taught myself to create 50 pieces of animation in 100Â days,"May 31, 2018"
A.J. Kandy,Immersive design: the next 10 years of interfaces,A look into what happens when we design beyond aÂ screen,"Mar 15, 2018"
Jasmine Friedl,The best new UX Books from the last 3Â years,"A new generation of design and UX books published in 2015, 2016 and 2017, that have recently become part of my virtual collection.","Apr 23, 2018"
Tiantian Xu,The best Medium publications from design teams toÂ follow,"Over the last two or three years, design teams from different types of companies have started to turn to Medium to share their thoughtsÂ andâ€¦","Aug 9, 2018"
Gabriel Valdivia,The best UX and design conferences inÂ 2017,"A complete guide for designers who are looking for events and conferences to attend this year, or who are simply planning their nextÂ tripâ€¦","Mar 12, 2018"
Fabricio Teixeira,The best design/UX writers to follow onÂ Medium,Hereâ€™s our selection with the best UX & Design authors to follow onÂ Medium.,"Dec 10, 2016"
Fabricio Teixeira,The best YouTube channels for designers and developers,YouTube is slowly becoming the new TV â€“ and people are relying more and more on it to get updates on the topics they care about. HereÂ areâ€¦,"Aug 3, 2016"
Fabricio Teixeira,The best links to get started with Conversational UI andÂ chatbots,A list or articles that we hope can be helpful in your next chatbotÂ project.,"Jan 3, 2017"
Fabricio Teixeira,How I learned to be more human at one of Silicon Valleyâ€™s greatest Customer SuccessÂ event,"My experience at Pulse 2019â€Šâ€”â€ŠGainsight event about Customer Success, Product-Led Growth andÂ more","Sep 7, 2016"
Fabricio Teixeira,Design guidelines for voice user interfaces,Revisiting 10 usability heuristics for speech interaction,"Mar 7, 2017"
Caio Braga,Content Design is about more thanÂ content,Content designers should focus on more thanÂ words,"Aug 24, 2016"
Josias Oliveira,Defining user experience andÂ beyond,"â€œUser experienceâ€, â€œuser interfaceâ€. Two similar terms with two different meanings. Confusing, yes, but the confusion is common. ItÂ getsâ€¦",May 31
Marc Ericson Santos,Itâ€™s all about perspective,"Sorting out the confusion between UX, UI, Customer Experience and Project Management",May 30
Dolly Garland,Five strategies for applying to designÂ jobs,Skip the job boards and make a strong personal connection with these five approaches,May 30
Mario Marhx,Should designers study psychoanalysis?,Psychoanalysisâ€™ subjectivity allied to semiotics can change your perception aboutÂ design.,May 30
Leslee Wood,Storytelling: the ultimate UXÂ skill,"After nourishment, shelter and companionship, stories are the thing we need most in the world.â€Šâ€”â€ŠPhilipÂ Pullman.",May 30
Dan Shilov,The time a Design Studio Director made me feel likeÂ sh*t,"Your years of experience donâ€™t define how good a designer you are, but your actionsÂ do",May 29
Raissa Tonon,You donâ€™t really have much of a defense against manipulative designsÂ online,Dark patterns work well. Too well. And thereâ€™s not much you can do aboutÂ it.,May 29
Arturo RÃ­os,Eventbrite tracked anger and delight inÂ UX,"In a recent post, we covered how Rachael Neumannâ€™s role at Eventbriteâ€™s Customer Experience saved building the wrong feature. In theÂ sameâ€¦",May 29
Jeremie Douchet,5 ways Post-It Notes can triple up designÂ thinking,Post-it notes are perhaps an underrated designÂ tool.,May 29
Yazin Akkawi,What are 5 evergreen books that every UX designer must read inÂ 2019?,â€œThere is no end to education.â€â€Šâ€”â€ŠJiddu Krishnamurthy,May 28
david jones,The power of Why for crafting stellar user experiences,"One of the most powerful tools that a UX designer or director can employ is the ability to ask â€œwhy?â€. From an agile perspective, itÂ helpsâ€¦",May 28
Sarah Healy,A designerâ€™s secret weapons: plugins and tools of theÂ trade,"Tools, plugins, extensions, hacks, and tips and tricks to instantly make you the power user and alpha designer you always knew youÂ were.",May 28
Surya Ravindran Pillai,Research craft and right-sizing,A colleague mentioned recently that UX Researchers are not encouraged to go deep in measurement or theory. The example was in measuringâ€¦,May 28
Michael Sim,This is the skill most â€œgoodâ€ designers areÂ missing,Hint: itâ€™s productÂ thinking,May 27
Christie Tang,UX checklists: how to tailor them to yourÂ needs,"There are plenty of UX methodologies out there. Things move fast, there is new information and new tools all the time. Each ProductÂ Teamâ€¦",May 27
Brock Dubbels,5 reasons why I am transitioning from Technical Writing to UXÂ Design,â€œHow did you come to UX Design from Technical Writing?â€ is the most frequently asked question I receive from recruiters andÂ UXâ€¦,May 26
Garron Engstrom,Ego & Agile: both brought me to the brink ofÂ failure,"In 2014, I started my first business, BackTracker, wanting to bask in the glory of being the next big thing. But my ego drew theÂ companyâ€¦",May 25
Hara Ledaki,Sign MeÂ Up!,"Even though privacy concerns have been brought to the worldâ€™s notice after the infamous Facebook-Cambridge Analytica data scandal,Â usersâ€¦",May 25
Aishah Griffin,Why this app may have one of the bestÂ UX?,What makes an app great? Liv may just have theÂ solution,May 25
Henry Latham,Working as a UXÂ designer,One of the things I love about sharing my experiences through writing this blog is the feedback I receive from readers. I findÂ itâ€¦,May 25
Vasudha Mamtani,Design Tips: guiding teamÂ praise,"Design is fous and magical for most people outside of our profession. Most folks recognize the impact of good design, althoughâ€¦",May 25
Ashar Iqbal,"E-commerce & brick-and-mortar: Yes, weâ€™re saying â€˜&,â€™ notÂ â€˜vs.â€™","Or why you shouldnâ€™t worry aboutÂ  e-commerce against traditional stores but instead,Â  buying online versus buying inÂ person.",May 24
Anton Sten,How to include research in your UXÂ project?,10 easy ways to get insight into needs & pain points ofÂ users,May 24
Jason Coudriet,5 steps to designing a great user experience for yourÂ chatbot,This article was originally published on the SAP Conversational AI Blog under A Guide To Designing A Great UX For Your Chatbot byÂ Shilpaâ€¦,May 24
Justo Guerin,What are machines learning?,And how might that change how we design products?,May 24
Natalia Sander,When should you hire a UX Writer? Yesterday!,Thereâ€™s an old proverb that came to mind recently when I was thinking about the best time for a UX writer to come onboard aÂ project.,May 24
Shilpa Tripathi,What New Technologies Mean for the Future ofÂ UX,A look at whatâ€™s toÂ come,May 24
Andreas Wolters,Business beginnersâ€™ guide to UX inÂ mobile,"Nomophobia refers to something very common, but itâ€™s not as sophisticated as it may sound. Itâ€™s the fear of being out of cellularÂ phoneâ€¦",May 24
Joe Daniels,Dealing with deadlines as aÂ designer,"Stop setting up ridiculous deadlines for your next product design. Also some hacks, if youâ€™ve already setÂ one.",May 24
